strahler_order,tokunaga_index,length
2,22,20767.07638
1,11,5148.112517
3,33,38061.9805
1,11,13137.50662
2,22,22080.31851
1,11,11934.25644
1,11,7288.046186
